"","marca","modello","allestimento","Crash.test.NCAP","prezzo","carrozzeria","porte","posti","massa","lung","Larg","alt","passo","bag_min","bag_max","serbatoio","motore","cilindri","cilindrata","alimentazione","alimentazione2","trazione","potenza","potenzacv","giri","coppia","vel","accel","antinquin","emissioniCO2","cons.urbano","cons.extraurb","cons.misto","codice_infocar","url"
"1","alfa-romeo","159-berlina","159-20-jtdm-136-cv-progression",5,27230,"berlina 2/4 porte","4","5",1490,466,183,142,270,405,0,70,"4 cilindri in linea",4,1956,"gasolio(sovralimentato)","gasolio","anteriore",100,136,4000,350,202,9.9,"Euro5","134",6.6,4.2,5.1,"87371","http://www.quattroruote.it/listino/alfa-romeo/159-berlina/159-20-jtdm-136-cv-progression"
"2","alfa-romeo","159-station","159-20-jtdm-136-cv-sw-progression",5,28440,"station wagon","5","5",1540,466,183,143,270,445,1250,70,"4 cilindri in linea",4,1956,"gasolio(sovralimentato)","gasolio","anteriore",100,136,4000,350,200,10.1,"Euro5","137",6.8,4.3,5.2,"87373","http://www.quattroruote.it/listino/alfa-romeo/159-station/159-20-jtdm-136-cv-sw-progression"
"3","alfa-romeo","159-station","159-20-jtdm-sw-progression",5,31160,"station wagon","5","5",1540,466,183,143,270,445,1250,70,"4 cilindri in linea",4,1956,"gasolio(sovralimentato)","gasolio","anteriore",125,170,4000,360,216,9,"Euro5","145",7.2,4.5,5.5,"80956","http://www.quattroruote.it/listino/alfa-romeo/159-station/159-20-jtdm-sw-progression"
"4","alfa-romeo","giulietta","giulietta-14-turbo-105-cv",5,18770,"berlina 3/5 porte","5","5",1280,435,180,147,263,350,1150,60,"4 cilindri in linea",4,1368,"benzina(sovralimentato)","benzina","anteriore",77,105,5000,206,185,10.6,"Euro5","149",8.4,5.3,6.4,"94236","http://www.quattroruote.it/listino/alfa-romeo/giulietta/giulietta-14-turbo-105-cv"
"5","alfa-romeo","giulietta","giulietta-14-turbo-120-cv",5,20270,"berlina 3/5 porte","5","5",1280,435,180,147,263,350,1150,60,"4 cilindri in linea",4,1368,"benzina(sovralimentato)","benzina","anteriore",88,120,5000,206,195,9.4,"Euro5","149",8.4,5.3,6.4,"90003","http://www.quattroruote.it/listino/alfa-romeo/giulietta/giulietta-14-turbo-120-cv"
"6","alfa-romeo","giulietta","giulietta-14-turbo-120-cv-gpl",5,22370,"berlina 3/5 porte","5","5",1280,435,180,147,263,350,1150,60,"4 cilindri in linea",4,1368,"benzinaoGPL(sovralimentato)","benzina","anteriore",88,120,5000,206,195,10.3,"Euro5","149",8.5,5.2,6.4,"94239","http://www.quattroruote.it/listino/alfa-romeo/giulietta/giulietta-14-turbo-120-cv-gpl"
"7","alfa-romeo","giulietta","giulietta-14-turbo-multiair-progression",5,23320,"berlina 3/5 porte","5","5",1290,435,180,147,263,350,1150,60,"4 cilindri in linea",4,1368,"benzina(sovralimentato)","benzina","anteriore",125,170,5500,250,218,7.8,"Euro5","134",7.8,4.6,5.8,"85131","http://www.quattroruote.it/listino/alfa-romeo/giulietta/giulietta-14-turbo-multiair-progression"
"8","alfa-romeo","giulietta","giulietta-14-turbo-multiair-tct-prog",5,25020,"berlina 3/5 porte","5","5",1310,435,180,147,263,350,1150,60,"4 cilindri in linea",4,1368,"benzina(sovralimentato)","benzina","anteriore",125,170,5500,250,218,7.7,"Euro5","121",5.6,3.9,4.5,"91048","http://www.quattroruote.it/listino/alfa-romeo/giulietta/giulietta-14-turbo-multiair-tct-prog"
"9","alfa-romeo","giulietta","giulietta-16-jtdm-2-105-cv",5,22270,"berlina 3/5 porte","5","5",1310,435,180,146,263,350,1150,60,"4 cilindri in linea",4,1598,"gasolio(sovralimentato)","gasolio","anteriore",77,105,4000,320,185,11.3,"Euro5","114",5.5,3.7,4.4,"90005","http://www.quattroruote.it/listino/alfa-romeo/giulietta/giulietta-16-jtdm-2-105-cv"
"10","alfa-romeo","giulietta","giulietta-1750-tbi-quadrifoglio-verde",5,30200,"berlina 3/5 porte","5","5",1320,435,180,147,263,350,1150,60,"4 cilindri in linea",4,1742,"benzina(sovralimentato)","benzina","anteriore",173,235,5500,340,242,6.8,"Euro5","177",10.8,5.8,7.6,"85133","http://www.quattroruote.it/listino/alfa-romeo/giulietta/giulietta-1750-tbi-quadrifoglio-verde"
"11","alfa-romeo","giulietta","giulietta-20-jtdm-2-140-cv-progression",5,26720,"berlina 3/5 porte","5","5",1320,435,180,147,263,350,1150,60,"4 cilindri in linea",4,1956,"gasolio(sovralimentato)","gasolio","anteriore",103,140,4000,350,205,9,"Euro5","119",5.8,4.1,4.7,"88060","http://www.quattroruote.it/listino/alfa-romeo/giulietta/giulietta-20-jtdm-2-140-cv-progression"
"12","alfa-romeo","mito","mito-13-jtdm-2-95-cv-s&s-progression",5,18500,"berlina 3/5 porte","3","4",1150,406,172,145,251,270,1020,45,"4 cilindri in linea",4,1248,"gasolio(sovralimentato)","gasolio","anteriore",70,95,4000,180,180,11.6,"Euro5","112",5.5,3.6,4.3,"83869","http://www.quattroruote.it/listino/alfa-romeo/mito/mito-13-jtdm-2-95-cv-s&s-progression"
"13","alfa-romeo","mito","mito-13-jtdm-85-cv-s&s-progression",5,17500,"berlina 3/5 porte","3","4",1150,406,172,145,251,270,1020,45,"4 cilindri in linea",4,1248,"gasolio(sovralimentato)","gasolio","anteriore",62,85,3500,200,174,12.9,"Euro5","90",5,3,3.5,"94197","http://www.quattroruote.it/listino/alfa-romeo/mito/mito-13-jtdm-85-cv-s&s-progression"
"14","alfa-romeo","mito","mito-14-105-cv-mair-s&s-progression",5,17090,"berlina 3/5 porte","3","4",1090,406,172,145,251,270,1020,45,"4 cilindri in linea",4,1368,"benzina","benzina","anteriore",77,105,6500,130,187,10.7,"Euro5","136",7.6,4.8,5.8,"83178","http://www.quattroruote.it/listino/alfa-romeo/mito/mito-14-105-cv-mair-s&s-progression"
"15","alfa-romeo","mito","mito-14-70-cv-8v-progression",5,14730,"berlina 3/5 porte","3","4",1080,406,172,145,251,270,1020,45,"4 cilindri in linea",4,1368,"benzina","benzina","anteriore",51,70,6000,120,165,12.3,"Euro5","134",7.4,4.7,5.8,"94196","http://www.quattroruote.it/listino/alfa-romeo/mito/mito-14-70-cv-8v-progression"
"16","alfa-romeo","mito","mito-14-78-cv-8v-s&s-upload",5,16780,"berlina 3/5 porte","3","4",1080,406,172,145,251,270,1020,45,"4 cilindri in linea",4,1368,"benzina","benzina","anteriore",57,77,6000,120,165,12.3,"Euro5","130",7.2,4.5,5.6,"95725","http://www.quattroruote.it/listino/alfa-romeo/mito/mito-14-78-cv-8v-s&s-upload"
"17","alfa-romeo","mito","mito-14-t-135-cv-mair-s&s-distinctive",5,20020,"berlina 3/5 porte","3","4",1145,406,172,145,251,270,1020,45,"4 cilindri in linea",4,1368,"benzina(sovralimentato)","benzina","anteriore",99,135,5000,206,207,8.4,"Euro5","129",7.4,4.5,5.6,"82561","http://www.quattroruote.it/listino/alfa-romeo/mito/mito-14-t-135-cv-mair-s&s-distinctive"
"18","alfa-romeo","mito","mito-14-t-170-cv-mair-s&s-qverde",5,21830,"berlina 3/5 porte","3","4",1135,406,172,145,251,270,1020,45,"4 cilindri in linea",4,1368,"benzina(sovralimentato)","benzina","anteriore",125,170,5500,250,219,7.5,"Euro5","139",8.1,4.8,6,"84479","http://www.quattroruote.it/listino/alfa-romeo/mito/mito-14-t-170-cv-mair-s&s-qverde"
"19","alfa-romeo","mito","mito-16-jtdm-2-s&s-distinctive",5,21830,"berlina 3/5 porte","3","4",1205,406,172,145,251,270,1020,45,"4 cilindri in linea",4,1598,"gasolio(sovralimentato)","gasolio","anteriore",88,120,3750,320,198,9.9,"Euro5","114",5.5,4,4.4,"88695","http://www.quattroruote.it/listino/alfa-romeo/mito/mito-16-jtdm-2-s&s-distinctive"
"20","audi","a1","a1-12-tfsi-attraction",5,17300,"berlina 3/5 porte","3","4",1040,395,174,142,247,270,950,45,"4 cilindri in linea",4,1197,"benzina(sovralimentato)","benzina","anteriore",63,86,4800,160,180,11.7,"Euro5","118",6.2,4.4,5.1,"85818","http://www.quattroruote.it/listino/audi/a1/a1-12-tfsi-attraction"
"21","audi","a1","a1-14-tfsi-185-cv-s-tronic-ambition",5,26950,"berlina 3/5 porte","3","4",1125,395,174,142,247,270,950,45,"4 cilindri in linea",4,1390,"benzina(sovralimentato)","benzina","anteriore",136,185,6200,250,227,6.9,"Euro5","139",7.5,5.1,5.9,"88561","http://www.quattroruote.it/listino/audi/a1/a1-14-tfsi-185-cv-s-tronic-ambition"
"22","audi","a1","a1-14-tfsi-attraction",5,20250,"berlina 3/5 porte","3","4",1100,395,174,142,247,270,950,45,"4 cilindri in linea",4,1390,"benzina(sovralimentato)","benzina","anteriore",90,122,5000,200,203,8.9,"Euro5","124",6.8,4.4,5.3,"87180","http://www.quattroruote.it/listino/audi/a1/a1-14-tfsi-attraction"
"23","audi","a1","a1-16-tdi-attraction",5,19300,"berlina 3/5 porte","3","4",1140,395,174,142,247,270,950,45,"4 cilindri in linea",4,1598,"gasolio(sovralimentato)","gasolio","anteriore",66,90,4200,230,182,11.4,"Euro5","99",4.4,3.4,3.8,"90061","http://www.quattroruote.it/listino/audi/a1/a1-16-tdi-attraction"
"24","audi","a4-berlina","a4-18-tfsi-120-cv",5,30150,"berlina 2/4 porte","4","5",1410,470,183,143,281,480,0,63,"4 cilindri in linea",4,1798,"benzina(sovralimentato)","benzina","anteriore",88,120,3650,230,208,10.5,"Euro5","151",8.6,5.3,6.5,"77712","http://www.quattroruote.it/listino/audi/a4-berlina/a4-18-tfsi-120-cv"
"25","audi","a4-berlina","a4-20-tdie-136-cv",5,34650,"berlina 2/4 porte","4","5",1485,470,183,143,281,480,0,63,"4 cilindri in linea",4,1968,"gasolio(sovralimentato)","gasolio","anteriore",100,136,4200,320,215,9.3,"Euro5","112",5.2,3.7,4.3,"96342","http://www.quattroruote.it/listino/audi/a4-berlina/a4-20-tdie-136-cv"
"26","audi","a4-berlina","a4-20-tdie-163-cv",5,36000,"berlina 2/4 porte","4","5",1475,470,183,143,281,480,0,63,"4 cilindri in linea",4,1968,"gasolio(sovralimentato)","gasolio","anteriore",120,163,4200,380,225,8.4,"Euro5","115",5.5,4.1,4.6,"96353","http://www.quattroruote.it/listino/audi/a4-berlina/a4-20-tdie-163-cv"
"27","audi","a6-berlina","a6-20-tdi",5,42750,"berlina 2/4 porte","4","5",1575,492,187,146,291,530,995,65,"4 cilindri in linea",4,1968,"gasolio(sovralimentato)","gasolio","anteriore",130,177,4200,380,228,8.7,"Euro5","129",6,4.4,4.9,"89175","http://www.quattroruote.it/listino/audi/a6-berlina/a6-20-tdi"
"28","audi","a6-berlina","a6-20-tfsi",5,41150,"berlina 2/4 porte","4","5",1540,492,187,146,291,530,995,65,"4 cilindri in linea",4,1984,"benzina(sovralimentato)","benzina","anteriore",132,180,4000,320,232,8.1,"Euro5","151",8.3,5.4,6.5,"94245","http://www.quattroruote.it/listino/audi/a6-berlina/a6-20-tfsi"
"29","audi","a6-berlina","a6-20-tfsi-hybrid-tiptronic-ambiente",5,61220,"berlina 2/4 porte","4","5",1670,492,187,146,291,375,850,73,"4 cilindri in linea",4,1984,"ibrida(sovralimentato)","ibrida","anteriore",180,245,NA,NA,240,7.5,"Euro5","145",6.9,6.4,6.6,"94256","http://www.quattroruote.it/listino/audi/a6-berlina/a6-20-tfsi-hybrid-tiptronic-ambiente"
"30","audi","a6-berlina","a6-30-tdi-313-cv-quattro-tiptronic",5,58500,"berlina 2/4 porte","4","5",1790,492,187,146,291,530,995,75,"6 cilindri a V (90°)",6,2967,"gasolio(sovralimentato)","gasolio","integrale permanente",230,313,3900,650,250,5.1,"Euro5","169",8,5.6,6.4,"94505","http://www.quattroruote.it/listino/audi/a6-berlina/a6-30-tdi-313-cv-quattro-tiptronic"
"31","audi","a6-berlina","a6-30-tfsi-quattro-s-tronic",5,55600,"berlina 2/4 porte","4","5",1740,492,187,146,291,530,995,75,"6 cilindri a V (90°)",6,2995,"benzina(sovralimentato)","benzina","integrale permanente",228,310,5500,440,250,5.5,"Euro5","190",10.8,6.6,8.2,"96084","http://www.quattroruote.it/listino/audi/a6-berlina/a6-30-tfsi-quattro-s-tronic"
"32","audi","a6-berlina","s6-40-tfsi-quattro-s-tronic",5,78550,"berlina 2/4 porte","4","5",1895,493,187,144,292,530,995,75,"8 cilindri a V (90°)",8,3993,"benzina(sovralimentato)","benzina","integrale permanente",309,420,5500,550,250,4.6,"Euro5","225",13.4,7.5,9.6,"95698","http://www.quattroruote.it/listino/audi/a6-berlina/s6-40-tfsi-quattro-s-tronic"
"33","audi","nuova-a3","a3-14-tfsi-young",5,23050,"berlina 3/5 porte","3","5",1175,424,178,142,260,365,1100,50,"4 cilindri in linea",4,1395,"benzina(sovralimentato)","benzina","anteriore",90,122,5000,200,203,9.3,"Euro5","120",6.5,4.4,5.2,"96737","http://www.quattroruote.it/listino/audi/nuova-a3/a3-14-tfsi-young"
"34","audi","nuova-a3","a3-16-tdi-young",5,23950,"berlina 3/5 porte","3","5",1230,424,178,142,260,365,1100,50,"4 cilindri in linea",4,1598,"gasolio(sovralimentato)","gasolio","anteriore",77,105,3000,250,195,10.7,"Euro5","99",4.6,3.3,3.8,"96753","http://www.quattroruote.it/listino/audi/nuova-a3/a3-16-tdi-young"
"35","audi","nuova-a3","a3-18-tfsi-s-tronic-attraction",5,29050,"berlina 3/5 porte","3","5",1250,424,178,142,260,365,1100,50,"4 cilindri in linea",4,1798,"benzina(sovralimentato)","benzina","anteriore",132,180,5100,250,232,7.2,"Euro5","130",7,4.8,5.6,"96741","http://www.quattroruote.it/listino/audi/nuova-a3/a3-18-tfsi-s-tronic-attraction"
"36","audi","nuova-a3","a3-20-tdi-attraction",5,27250,"berlina 3/5 porte","3","5",1280,424,178,142,260,365,1100,50,"4 cilindri in linea",4,1968,"gasolio(sovralimentato)","gasolio","anteriore",110,150,3500,320,216,8.6,"Euro5","106",4.9,3.6,4.1,"96747","http://www.quattroruote.it/listino/audi/nuova-a3/a3-20-tdi-attraction"
"37","bentley","mulsanne","mulsanne",NA,307542,"berlina 2/4 porte","4","5",2585,558,193,152,327,500,0,90,"8 cilindri a V (90°)",8,6750,"benzina(sovralimentato)","benzina","posteriore",377,513,4200,1.02,296,11.6,"Euro5","393",25.3,11.6,16.7,"87876","http://www.quattroruote.it/listino/bentley/mulsanne/mulsanne"
"38","bmw","serie-3-berlina","active-hybrid-3",NA,55700,"berlina 2/4 porte","4","5",1655,462,181,143,281,390,0,57,"6 cilindri in linea",6,2979,"ibrida(sovralimentato)","ibrida","posteriore",250,340,NA,450,250,5.3,"Euro5","139",0,0,5.9,"95754","http://www.quattroruote.it/listino/bmw/serie-3-berlina/active-hybrid-3"
"39","bmw","serie-5-berlina","520d",5,44700,"berlina 2/4 porte","4","5",1625,490,186,146,297,520,0,70,"4 cilindri in linea",4,1995,"gasolio(sovralimentato)","gasolio","posteriore",135,184,4000,380,227,8.1,"Euro5","125",5.7,4.2,4.8,"85474","http://www.quattroruote.it/listino/bmw/serie-5-berlina/520d"
"40","bmw","serie-5-berlina","520i",5,43400,"berlina 2/4 porte","4","5",1595,490,186,146,297,520,0,70,"4 cilindri in linea",4,1997,"benzina","benzina","posteriore",135,184,5000,270,227,7.9,"Euro5","157",8.9,5.5,6.8,"91317","http://www.quattroruote.it/listino/bmw/serie-5-berlina/520i"
"41","bmw","serie-5-berlina","525d",5,48900,"berlina 2/4 porte","4","5",1645,490,186,146,297,520,0,70,"4 cilindri in linea",4,1995,"gasolio(sovralimentato)","gasolio","posteriore",160,218,4400,450,243,7,"Euro5","132",6.2,4.3,5,"84791","http://www.quattroruote.it/listino/bmw/serie-5-berlina/525d"
"42","bmw","serie-5-berlina","active-hybrid-5",5,64500,"berlina 2/4 porte","4","5",1850,490,186,146,297,375,0,67,"6 cilindri in linea",6,2979,"ibrida(sovralimentato)","ibrida","posteriore",250,340,NA,450,250,5.9,"Euro5","149",7,5.7,6.4,"94049","http://www.quattroruote.it/listino/bmw/serie-5-berlina/active-hybrid-5"
"43","bmw","serie-5-berlina","m5",5,106800,"berlina 2/4 porte","4","5",1870,491,189,146,296,520,0,80,"8 cilindri a V",8,4395,"benzina(sovralimentato)","benzina","posteriore",412,560,6000,680,250,4.3,"Euro5","232",14,7.6,9.9,"91342","http://www.quattroruote.it/listino/bmw/serie-5-berlina/m5"
"44","bmw","serie-7","740i-eletta",NA,88900,"berlina 2/4 porte","4","5",1825,508,190,147,307,500,0,82,"6 cilindri in linea",6,2979,"benzina(sovralimentato)","benzina","posteriore",235,320,5800,450,250,5.7,"Euro5","184",10.6,6.3,7.9,"78748","http://www.quattroruote.it/listino/bmw/serie-7/740i-eletta"
"45","bmw","serie-7","750li-xdrive-eletta",NA,115700,"berlina 2/4 porte","4","4",2035,522,190,148,321,500,0,80,"8 cilindri a V",8,4395,"benzina","benzina","integrale permanente",330,449,5500,650,250,4.8,"Euro5","219",7.3,5.9,6.4,"82789","http://www.quattroruote.it/listino/bmw/serie-7/750li-xdrive-eletta"
"46","bmw","x6","active-hybrid-x6",NA,107932,"fuoristrada chiusa","5","4",2450,488,198,170,293,470,1350,85,"8 cilindri a V",8,4395,"ibrida","ibrida","integrale permanente",357,485,NA,780,236,5.6,"Euro5","231",10.8,9.4,9.9,"85272","http://www.quattroruote.it/listino/bmw/x6/active-hybrid-x6"
"47","bmw","x6","x6-xdrive30d-eletta",NA,66950,"fuoristrada chiusa","5","4",2075,488,198,169,293,570,1450,85,"6 cilindri in linea",6,2993,"gasolio(sovralimentato)","gasolio","integrale permanente",180,245,4000,540,210,7.5,"Euro5","195",8.7,6.7,7.4,"77409","http://www.quattroruote.it/listino/bmw/x6/x6-xdrive30d-eletta"
"48","bmw","x6","x6-xdrive35i-eletta",NA,67950,"fuoristrada chiusa","5","4",2070,488,198,169,293,570,1450,85,"6 cilindri in linea",6,2979,"benzina(sovralimentato)","benzina","integrale permanente",225,306,5800,400,240,6.7,"Euro5","236",13.2,8.3,10.1,"77131","http://www.quattroruote.it/listino/bmw/x6/x6-xdrive35i-eletta"
"49","bmw","x6","x6-xdrive40d-eletta",NA,70750,"fuoristrada chiusa","5","4",2110,488,198,169,293,570,1450,85,"6 cilindri in linea",6,2993,"gasolio(sovralimentato)","gasolio","integrale permanente",225,306,4400,600,236,6.5,"Euro5","198",8.8,6.8,7.5,"85095","http://www.quattroruote.it/listino/bmw/x6/x6-xdrive40d-eletta"
"50","bmw","x6","x6-xdrive50i",NA,88700,"fuoristrada chiusa","5","4",2190,488,198,169,293,570,1450,85,"8 cilindri a V",8,4394,"benzina","benzina","integrale permanente",300,408,5500,600,250,5.4,"Euro5","292",17.5,9.6,12.5,"77777","http://www.quattroruote.it/listino/bmw/x6/x6-xdrive50i"
"51","cadillac","escalade","escalade-60-v8-aut-sport-luxury-hybrid",NA,89805,"fuoristrada chiusa","5","7",2779,514,201,189,295,478,3084,98,"8 cilindri a V (90°)",8,5967,"ibrida","ibrida","integrale permanente",248,337,5100,495,170,8.4,"Euro5","256",12.2,10.2,10.9,"89504","http://www.quattroruote.it/listino/cadillac/escalade/escalade-60-v8-aut-sport-luxury-hybrid"
"52","chevrolet","volt","volt",NA,44350,"berlina 3/5 porte","5","4",1732,449,179,144,269,310,1005,35,"4 cilindri in linea",4,1398,"ibrida","ibrida","anteriore",111,151,6000,370,160,9,"Euro5","27",0,0,1.2,"93507","http://www.quattroruote.it/listino/chevrolet/volt/volt"
"53","citroen","c1","c1-10-3p-attraction",4,9450,"berlina 3/5 porte","3","4",850,344,163,147,234,139,712,35,"3 cilindri in linea",3,998,"benzina","benzina","anteriore",50,68,6000,93,157,13.7,"Euro5","99",5.1,3.8,4.3,"88469","http://www.quattroruote.it/listino/citroen/c1/c1-10-3p-attraction"
"54","citroen","c1","c1-10-5p-attraction",4,9800,"berlina 3/5 porte","5","4",855,344,163,147,234,139,751,35,"3 cilindri in linea",3,998,"benzina","benzina","anteriore",50,68,6000,93,157,13.7,"Euro5","99",5.1,3.8,4.3,"88470","http://www.quattroruote.it/listino/citroen/c1/c1-10-5p-attraction"
"55","citroen","c3","c3-11-attraction",4,12350,"berlina 3/5 porte","5","5",1010,394,173,152,246,300,1300,50,"4 cilindri in linea",4,1124,"benzina","benzina","anteriore",44,60,5500,94,155,16.5,"Euro5","137",7.9,4.9,5.9,"88428","http://www.quattroruote.it/listino/citroen/c3/c3-11-attraction"
"56","citroen","c3","c3-14-hdi-70-attraction",4,14350,"berlina 3/5 porte","5","5",1070,394,173,152,246,300,1300,48,"4 cilindri in linea",4,1398,"gasolio(sovralimentato)","gasolio","anteriore",50,68,4000,160,163,13.5,"Euro5","99",4.5,3.4,3.8,"88437","http://www.quattroruote.it/listino/citroen/c3/c3-14-hdi-70-attraction"
"57","citroen","c3","c3-14-vti-95-seduction",4,14750,"berlina 3/5 porte","5","5",1075,394,173,152,246,300,1300,50,"4 cilindri in linea",4,1397,"benzina","benzina","anteriore",70,95,6000,136,184,10.6,"Euro5","134",7.6,4.8,5.8,"88433","http://www.quattroruote.it/listino/citroen/c3/c3-14-vti-95-seduction"
"58","citroen","c3","c3-16-e-hdi-90-airdream-cmp6-exclusive",4,19450,"berlina 3/5 porte","5","5",1090,394,173,152,246,300,1300,48,"4 cilindri in linea",4,1560,"gasolio(sovralimentato)","gasolio","anteriore",68,92,4000,230,183,12.9,"Euro5","95",4.6,3.4,3.8,"94982","http://www.quattroruote.it/listino/citroen/c3/c3-16-e-hdi-90-airdream-cmp6-exclusive"
"59","citroen","c4","c4-14-vti-95-attraction",NA,17000,"berlina 3/5 porte","5","5",1200,433,179,149,261,408,1183,60,"4 cilindri in linea",4,1397,"benzina","benzina","anteriore",70,95,6000,136,182,13.2,"Euro5","140",8.2,4.9,6.1,"87342","http://www.quattroruote.it/listino/citroen/c4/c4-14-vti-95-attraction"
"60","citroen","c4","c4-16-hdi-90-attraction",NA,19300,"berlina 3/5 porte","5","5",1205,433,179,149,261,408,1183,60,"4 cilindri in linea",4,1560,"gasolio(sovralimentato)","gasolio","anteriore",68,92,4000,230,180,14.4,"Euro5","110",5.2,3.6,4.2,"87349","http://www.quattroruote.it/listino/citroen/c4/c4-16-hdi-90-attraction"
"61","citroen","c4","c4-16-thp-155-cmp-6-exclusive",NA,23200,"berlina 3/5 porte","5","5",1275,433,179,149,261,408,1183,60,"4 cilindri in linea",4,1598,"benzina(sovralimentato)","benzina","anteriore",115,156,6000,240,214,8.7,"Euro5","145",8.4,5,6.3,"87348","http://www.quattroruote.it/listino/citroen/c4/c4-16-thp-155-cmp-6-exclusive"
"62","citroen","c4","c4-20-hdi-150-seduction",NA,23000,"berlina 3/5 porte","5","5",1320,433,179,149,261,408,1183,60,"4 cilindri in linea",4,1997,"gasolio(sovralimentato)","gasolio","anteriore",110,150,3750,340,207,9.4,"Euro5","127",6.5,4,4.9,"87359","http://www.quattroruote.it/listino/citroen/c4/c4-20-hdi-150-seduction"
"63","citroen","c5-berlina","c5-16-hdi-115-seduction",5,27200,"berlina 2/4 porte","4","5",1506,478,186,146,282,439,0,71,"4 cilindri in linea",4,1560,"gasolio(sovralimentato)","gasolio","anteriore",84,114,3600,240,190,13.4,"Euro5","129",6,4.4,5,"96021","http://www.quattroruote.it/listino/citroen/c5-berlina/c5-16-hdi-115-seduction"
"64","citroen","c5-berlina","c5-16-vti-120-cmp6-seduction-2012-6",5,25700,"berlina 2/4 porte","4","5",1425,478,186,146,282,439,0,71,"4 cilindri in linea",4,1598,"benzina","benzina","anteriore",88,120,6000,160,198,12.2,"Euro5","144",8.3,5,6.2,"87721","http://www.quattroruote.it/listino/citroen/c5-berlina/c5-16-vti-120-cmp6-seduction-2012-6"
"65","citroen","c5-berlina","c5-22-hdi-200-aut-exclusive-2011-2",5,35500,"berlina 2/4 porte","4","5",1660,478,185,148,282,439,0,71,"4 cilindri in linea",4,2179,"gasolio(sovralimentato)","gasolio","anteriore",150,204,3500,450,230,8.3,"Euro5","155",8,4.7,5.9,"87740","http://www.quattroruote.it/listino/citroen/c5-berlina/c5-22-hdi-200-aut-exclusive-2011-2"
"66","citroen","c5-berlina","c5-30-hdi-240-aut-exclusive-2012-6",5,39200,"berlina 2/4 porte","4","5",1766,478,186,146,282,439,0,71,"6 cilindri a V (60°)",6,2992,"gasolio(sovralimentato)","gasolio","anteriore",177,241,3800,450,240,7.9,"Euro5","189",9.9,5.7,7.2,"87764","http://www.quattroruote.it/listino/citroen/c5-berlina/c5-30-hdi-240-aut-exclusive-2012-6"
"67","citroen","c6","c6-30-v6-hdi-240-aut-exclusive-2012-3",5,54910,"berlina 2/4 porte","4","5",1873,491,186,146,290,420,0,72,"6 cilindri a V (60°)",6,2992,"gasolio(sovralimentato)","gasolio","anteriore",177,241,3800,450,235,8.5,"Euro5","190",10.2,5.8,7.4,"82274","http://www.quattroruote.it/listino/citroen/c6/c6-30-v6-hdi-240-aut-exclusive-2012-3"
"68","citroen","ds5","ds5-hybrid4-airdream-chic",NA,37350,"berlina 3/5 porte","5","5",1660,453,187,151,273,325,1145,60,"4 cilindri in linea",4,1997,"ibrida(sovralimentato)","ibrida","integrale permanente",147,200,NA,NA,211,8.6,"Euro5","99",3.9,3.7,3.8,"92774","http://www.quattroruote.it/listino/citroen/ds5/ds5-hybrid4-airdream-chic"
"69","corvette","corvette-spider","corvette-c6-62-v8-convertibile-gs",NA,85155,"cabrio e spider","2","2",1461,444,184,125,269,295,0,69,"8 cilindri a V (90°)",8,6162,"benzina","benzina","posteriore",321,436,5900,575,300,4.3,"Euro5","316",20.7,9,13.3,"89496","http://www.quattroruote.it/listino/corvette/corvette-spider/corvette-c6-62-v8-convertibile-gs"
"70","ferrari","california","california-dct",NA,195193,"cabrio e spider","2","4",1630,456,191,132,267,340,0,78,"8 cilindri a V (90°)",8,4297,"benzina","benzina","posteriore",360,490,7750,505,312,3.8,"Euro5","299",19.4,9.4,13.1,"79970","http://www.quattroruote.it/listino/ferrari/california/california-dct"
"71","ferrari","f12","f12-berlinetta-dct",NA,274400,"coupé","2","2",1630,462,194,127,272,320,0,92,"12 cilindri a V (65°)",12,6262,"benzina","benzina","posteriore",545,740,8250,690,340,3.1,"Euro5","350",22.5,11,15,"96511","http://www.quattroruote.it/listino/ferrari/f12/f12-berlinetta-dct"
"72","fiat","nuova-panda","panda-09-twinair-turbo-s&s-easy",4,12450,"berlina 3/5 porte","5","4",900,365,164,155,230,225,870,37,"2 cilindri in linea",2,875,"benzina(sovralimentato)","benzina","anteriore",63,85,5500,145,177,11.2,"Euro5","99",5,3.8,4.2,"93777","http://www.quattroruote.it/listino/fiat/nuova-panda/panda-09-twinair-turbo-s&s-easy"
"73","fiat","nuova-panda","panda-12-pop",4,10200,"berlina 3/5 porte","5","4",865,365,164,155,230,225,870,37,"4 cilindri in linea",4,1242,"benzina","benzina","anteriore",51,69,5500,102,164,14.2,"Euro5","120",6.7,4.3,5.2,"93775","http://www.quattroruote.it/listino/fiat/nuova-panda/panda-12-pop"
"74","fiat","nuova-panda","panda-13-mjt-s&s-pop",4,12400,"berlina 3/5 porte","5","4",960,365,164,155,230,225,870,37,"4 cilindri in linea",4,1248,"gasolio(sovralimentato)","gasolio","anteriore",55,75,4000,190,168,12.8,"Euro5","104",4.7,3.5,3.9,"93780","http://www.quattroruote.it/listino/fiat/nuova-panda/panda-13-mjt-s&s-pop"
"75","fiat","punto","punto-09-twinair-turbo-s&s-3p-twinair",NA,15150,"berlina 3/5 porte","3","5",1075,407,169,149,251,275,1030,45,"2 cilindri in linea",2,875,"benzina(sovralimentato)","benzina","anteriore",62,84,5500,145,172,11.7,"Euro5","98",4.9,3.8,4.2,"95307","http://www.quattroruote.it/listino/fiat/punto/punto-09-twinair-turbo-s&s-3p-twinair"
"76","fiat","punto","punto-12-8v-3p-pop",NA,11650,"berlina 3/5 porte","3","5",1015,407,169,149,251,275,1030,45,"4 cilindri in linea",4,1242,"benzina","benzina","anteriore",51,69,5500,102,156,14.4,"Euro5","126",7.2,4.4,5.4,"93579","http://www.quattroruote.it/listino/fiat/punto/punto-12-8v-3p-pop"
"77","fiat","punto","punto-13-mjt-ii-75-cv-3p-pop",NA,13650,"berlina 3/5 porte","3","5",1090,407,169,149,251,275,1030,45,"4 cilindri in linea",4,1248,"gasolio(sovralimentato)","gasolio","anteriore",55,75,4000,190,165,13.6,"Euro5","112",5.5,3.5,4.2,"93611","http://www.quattroruote.it/listino/fiat/punto/punto-13-mjt-ii-75-cv-3p-pop"
"78","fiat","punto","punto-13-mjt-ii-75-cv-3p-virgin-radio",NA,16250,"berlina 3/5 porte","3","5",1090,407,169,149,251,275,1030,45,"4 cilindri in linea",4,1248,"gasolio(sovralimentato)","gasolio","anteriore",55,75,4000,190,165,13.6,"Euro5","112",5.3,3.5,4.2,"96233","http://www.quattroruote.it/listino/fiat/punto/punto-13-mjt-ii-75-cv-3p-virgin-radio"
"79","ford","fiesta","fiesta-12-60-cv-5p-titanium",5,14000,"berlina 3/5 porte","5","5",979,395,172,148,249,295,979,42,"4 cilindri in linea",4,1242,"benzina","benzina","anteriore",44,60,6000,109,152,16.9,"Euro5","127",8.9,5.1,6.5,"78831","http://www.quattroruote.it/listino/ford/fiesta/fiesta-12-60-cv-5p-titanium"
"80","ford","fiesta","fiesta-16-16v-134-cv-3p-individual",5,18500,"berlina 3/5 porte","3","5",970,395,171,148,249,295,979,42,"4 cilindri in linea",4,1596,"benzina","benzina","anteriore",98,134,6000,160,195,8.7,"Euro5","139",8,4.8,5.9,"91312","http://www.quattroruote.it/listino/ford/fiesta/fiesta-16-16v-134-cv-3p-individual"
"81","ford","fiesta","fiesta-ikon-12-16v-60-cv-3p",5,11750,"berlina 3/5 porte","3","5",966,395,172,148,249,295,979,42,"4 cilindri in linea",4,1242,"benzina","benzina","anteriore",44,60,6000,109,152,16.9,"Euro5","127",7.3,4.3,5.4,"91300","http://www.quattroruote.it/listino/ford/fiesta/fiesta-ikon-12-16v-60-cv-3p"
"82","ford","fiesta","fiesta-ikon-14-tdci-70-cv-3p",5,14000,"berlina 3/5 porte","3","5",1011,395,172,148,249,295,979,40,"4 cilindri in linea",4,1398,"gasolio(sovralimentato)","gasolio","anteriore",51,70,4000,160,162,14.9,"Euro5","110",5.3,3.5,4.2,"91308","http://www.quattroruote.it/listino/ford/fiesta/fiesta-ikon-14-tdci-70-cv-3p"
"83","ford","fiesta","fiesta-ikon-14-tdci-70-cv-5p",5,14750,"berlina 3/5 porte","5","5",1030,395,172,148,249,295,979,40,"4 cilindri in linea",4,1398,"gasolio(sovralimentato)","gasolio","anteriore",51,70,4000,160,162,14.9,"Euro5","110",4.9,3.6,4.1,"91309","http://www.quattroruote.it/listino/ford/fiesta/fiesta-ikon-14-tdci-70-cv-5p"
"84","ford","focus-berlina","focus-10-100cv-ecoboost-5p-s&s",5,18500,"berlina 3/5 porte","5","5",1258,436,182,148,265,363,1148,55,"3 cilindri in linea",3,999,"benzina(sovralimentato)","benzina","anteriore",73,100,6000,170,185,12.5,"Euro5","109",5.9,4.1,4.8,"96597","http://www.quattroruote.it/listino/ford/focus-berlina/focus-10-100cv-ecoboost-5p-s&s"
"85","ford","focus-berlina","focus-16-180-cv-ecoboost-5p-s&s-ind",5,26750,"berlina 3/5 porte","5","5",1258,436,182,148,265,363,1148,55,"4 cilindri in linea",4,1596,"benzina(sovralimentato)","benzina","anteriore",134,182,5700,240,222,7.9,"Euro5","139",7.7,5,6,"94668","http://www.quattroruote.it/listino/ford/focus-berlina/focus-16-180-cv-ecoboost-5p-s&s-ind"
"86","ford","focus-berlina","focus-16-tdci-95-cv-5p",5,20000,"berlina 3/5 porte","5","5",1263,436,182,148,265,363,1148,55,"4 cilindri in linea",4,1560,"gasolio(sovralimentato)","gasolio","anteriore",70,95,3600,205,180,12.5,"Euro5","109",5.1,3.7,4.2,"91063","http://www.quattroruote.it/listino/ford/focus-berlina/focus-16-tdci-95-cv-5p"
"87","ford","focus-berlina","focus-20-250-cv-ecoboost-5p-st",5,30500,"berlina 3/5 porte","5","5",1362,436,182,148,265,363,1148,55,"4 cilindri in linea",4,2000,"benzina(sovralimentato)","benzina","anteriore",184,250,5500,360,248,6.5,"Euro5","169",9.9,5.6,7.2,"96401","http://www.quattroruote.it/listino/ford/focus-berlina/focus-20-250-cv-ecoboost-5p-st"
"88","ford","focus-berlina","focus-20-tdci-163-cv-5p-individual",5,26750,"berlina 3/5 porte","5","5",1346,436,182,148,265,363,1148,53,"4 cilindri in linea",4,1997,"gasolio(sovralimentato)","gasolio","anteriore",120,163,3750,340,218,8.6,"Euro5","129",6.3,4.2,5,"94669","http://www.quattroruote.it/listino/ford/focus-berlina/focus-20-tdci-163-cv-5p-individual"
"89","honda","cr-z","cr-z-15-i-vtec-s",NA,22000,"coupé","3","4",1170,408,174,140,243,233,0,40,"4 cilindri in linea",4,1497,"ibrida","ibrida","anteriore",91,124,6100,174,200,9.9,"Euro5","117",6.1,4.4,5,"85966","http://www.quattroruote.it/listino/honda/cr-z/cr-z-15-i-vtec-s"
"90","lamborghini","aventador","aventador-65-v12-lp700-4",NA,316016,"coupé","2","2",1500,478,203,114,270,0,0,90,"12 cilindri a V (60°)",12,6498,"benzina","benzina","integrale permanente",515,700,8250,690,350,2.9,"Euro5","398",27.3,11.3,17.2,"91252","http://www.quattroruote.it/listino/lamborghini/aventador/aventador-65-v12-lp700-4"
"91","lamborghini","gallardo-spider","gallardo-52-v10-lp550-2-spyder",NA,182710,"cabrio e spider","2","2",1520,435,190,117,256,0,0,80,"10 cilindri a V (90°)",10,5204,"benzina","benzina","integrale permanente",405,550,8000,540,319,4.2,"Euro5","330",20.8,9.7,13.8,"96101","http://www.quattroruote.it/listino/lamborghini/gallardo-spider/gallardo-52-v10-lp550-2-spyder"
"92","lexus","ct","ct-200h",NA,29200,"berlina 3/5 porte","5","5",1370,432,177,143,260,275,985,45,"4 cilindri in linea",4,1798,"ibrida","ibrida","anteriore",100,136,NA,NA,180,10.3,"Euro5","87",3.8,3.6,3.7,"88424","http://www.quattroruote.it/listino/lexus/ct/ct-200h"
"93","lexus","ls","ls-460",NA,96500,"berlina 2/4 porte","4","5",2000,506,188,148,297,420,0,84,"8 cilindri a V (90°)",8,4608,"benzina","benzina","posteriore",280,381,6400,493,250,5.7,"Euro5","261",16.5,7.9,11.1,"73865","http://www.quattroruote.it/listino/lexus/ls/ls-460"
"94","lexus","ls","ls-600h",NA,110300,"berlina 2/4 porte","4","5",2345,506,188,148,297,370,0,84,"8 cilindri a V (90°)",8,4969,"ibrida","ibrida","integrale permanente",327,445,NA,NA,250,6.3,"Euro5","218",11.2,8,9.3,"75129","http://www.quattroruote.it/listino/lexus/ls/ls-600h"
"95","lexus","rx","rx-350",NA,53900,"fuoristrada chiusa","5","5",2160,477,189,169,274,496,1570,72,"6 cilindri a V (60°)",6,3456,"benzina","benzina","integrale permanente",204,277,6200,346,200,8,"Euro5","250",14.3,8.4,10.6,"81285","http://www.quattroruote.it/listino/lexus/rx/rx-350"
"96","lexus","rx","rx-450h",NA,59000,"fuoristrada chiusa","5","5",2205,477,189,169,274,496,1570,65,"6 cilindri a V (60°)",6,3456,"ibrida","ibrida","integrale permanente",220,299,NA,NA,200,7.8,"Euro5","148",6.6,6,6.3,"81288","http://www.quattroruote.it/listino/lexus/rx/rx-450h"
"97","mazda","mazda2","mazda2-13-75-cv-3p-start",NA,11950,"berlina 3/5 porte","3","5",975,392,170,148,249,250,787,43,"4 cilindri in linea",4,1349,"benzina","benzina","anteriore",55,75,6000,119,168,14.9,"Euro5","115",6.2,4.3,5,"93219","http://www.quattroruote.it/listino/mazda/mazda2/mazda2-13-75-cv-3p-start"
"98","mazda","mazda2","mazda2-13-75-cv-5p-start",NA,12500,"berlina 3/5 porte","5","5",980,392,170,148,249,250,787,43,"4 cilindri in linea",4,1349,"benzina","benzina","anteriore",55,75,6000,119,168,14.9,"Euro5","115",6.2,4.3,5,"93222","http://www.quattroruote.it/listino/mazda/mazda2/mazda2-13-75-cv-5p-start"
"99","mazda","mazda2","mazda2-15-102-cv-3p-sporty",NA,15200,"berlina 3/5 porte","3","5",980,392,170,148,249,250,787,43,"4 cilindri in linea",4,1498,"benzina","benzina","anteriore",75,102,6000,133,186,10.7,"Euro5","132",7.3,4.8,5.7,"89133","http://www.quattroruote.it/listino/mazda/mazda2/mazda2-15-102-cv-3p-sporty"
"100","mazda","mazda2","mazda2-15-102-cv-5p-sporty",NA,15750,"berlina 3/5 porte","5","5",985,392,170,148,249,250,787,43,"4 cilindri in linea",4,1498,"benzina","benzina","anteriore",75,102,6000,133,186,10.7,"Euro5","132",7.3,4.8,5.7,"93225","http://www.quattroruote.it/listino/mazda/mazda2/mazda2-15-102-cv-5p-sporty"
"101","mazda","mazda3-4p","mazda3-16-mz-cd-115-cv-4p-active",NA,22200,"berlina 2/4 porte","4","5",1240,458,176,147,264,430,0,55,"4 cilindri in linea",4,1560,"gasolio(sovralimentato)","gasolio","anteriore",85,116,4000,270,188,12,"Euro5","115",5.2,3.8,4.3,"93265","http://www.quattroruote.it/listino/mazda/mazda3-4p/mazda3-16-mz-cd-115-cv-4p-active"
"102","mazda","mazda3-4p","mazda3-16-mzr-105-cv-4p-active",NA,19700,"berlina 2/4 porte","4","5",1175,458,176,147,264,430,0,55,"4 cilindri in linea",4,1598,"benzina","benzina","anteriore",77,105,6000,145,185,12.2,"Euro5","147",8.4,5.2,6.4,"93266","http://www.quattroruote.it/listino/mazda/mazda3-4p/mazda3-16-mzr-105-cv-4p-active"
"103","mazda","mazda3-5p","mazda3-16-mzr-105-cv-5p",NA,16990,"berlina 3/5 porte","5","5",1190,446,176,147,264,340,1360,55,"4 cilindri in linea",4,1598,"benzina","benzina","anteriore",77,105,6000,145,181,12.2,"Euro5","147",8.4,5.2,6.4,"93264","http://www.quattroruote.it/listino/mazda/mazda3-5p/mazda3-16-mzr-105-cv-5p"
"104","mclaren","mp4","mp4-12c",NA,204700,"coupé","2","2",1336,451,191,120,267,230,0,72,"8 cilindri a V (60°)",8,3799,"benzina(sovralimentato)","benzina","posteriore",441,600,7000,600,330,3.3,"Euro5","279",18.1,7.9,11.7,"94153","http://www.quattroruote.it/listino/mclaren/mp4/mp4-12c"
"105","mercedes","cl","cl-500-blueefficiency-sport",NA,130636,"coupé","2","4",1995,510,187,142,296,490,0,83,"8 cilindri a V (90°)",8,4663,"benzina","benzina","posteriore",320,435,5250,700,250,4.9,"Euro5","224",13.5,7.2,9.5,"87054","http://www.quattroruote.it/listino/mercedes/cl/cl-500-blueefficiency-sport"
"106","mercedes","cl","cl-65-amg-performance",NA,243650,"coupé","2","4",2170,510,187,142,296,490,0,90,"12 cilindri a V (90°)",12,5980,"benzina(sovralimentato)","benzina","posteriore",463,629,4800,1,300,4.4,"Euro5","334",21.8,9.9,14.3,"82257","http://www.quattroruote.it/listino/mercedes/cl/cl-65-amg-performance"
"107","mercedes","classe-a","a-180-blueefficiency-executive",NA,22990,"berlina 3/5 porte","5","5",1295,429,178,143,270,341,1157,50,"4 cilindri in linea",4,1595,"benzina(sovralimentato)","benzina","anteriore",90,122,5000,200,202,9.2,"Euro5","135",7.7,4.7,5.8,"96157","http://www.quattroruote.it/listino/mercedes/classe-a/a-180-blueefficiency-executive"
"108","mercedes","classe-a","a-180-cdi-blueefficiency-executive",NA,24100,"berlina 3/5 porte","5","5",1320,429,178,143,270,341,1157,50,"4 cilindri in linea",4,1461,"gasolio(sovralimentato)","gasolio","anteriore",80,109,4000,260,190,11.3,"Euro5","105",4.7,3.6,4,"96148","http://www.quattroruote.it/listino/mercedes/classe-a/a-180-cdi-blueefficiency-executive"
"109","mercedes","classe-e-berlina","e-200-blueefficiency-executive",5,43862,"berlina 2/4 porte","4","5",1540,487,185,147,287,540,0,59,"4 cilindri in linea",4,1796,"benzina(sovralimentato)","benzina","posteriore",135,184,5250,270,232,8.5,"Euro5","165",9.8,5.6,7.1,"91388","http://www.quattroruote.it/listino/mercedes/classe-e-berlina/e-200-blueefficiency-executive"
"110","mercedes","classe-e-berlina","e-350-bluetec-executive",5,57878,"berlina 2/4 porte","4","5",1770,487,185,147,287,540,0,80,"6 cilindri a V",6,2987,"gasolio(sovralimentato)","gasolio","posteriore",155,211,3400,540,239,7.8,"Euro6","180",9.7,5.2,6.8,"82118","http://www.quattroruote.it/listino/mercedes/classe-e-berlina/e-350-bluetec-executive"
"111","mercedes","classe-e-berlina","e-350-cdi-blueefficiency-executive",5,55307,"berlina 2/4 porte","4","5",1760,487,185,147,287,540,0,80,"6 cilindri a V",6,2987,"gasolio(sovralimentato)","gasolio","posteriore",195,265,3800,620,250,6.2,"Euro5","159",7.7,5,6,"80290","http://www.quattroruote.it/listino/mercedes/classe-e-berlina/e-350-cdi-blueefficiency-executive"
"112","mercedes","classe-e-berlina","e-500-blueefficiency-elegance",5,73421,"berlina 2/4 porte","4","5",1805,487,185,147,287,532,0,80,"8 cilindri a V (90°)",8,4663,"benzina","benzina","posteriore",300,408,5000,600,250,5.4,"Euro5","209",13,6.5,8.9,"91517","http://www.quattroruote.it/listino/mercedes/classe-e-berlina/e-500-blueefficiency-elegance"
"113","mercedes","classe-e-berlina","e-bluetec-hybrid-executive",NA,54570,"berlina 2/4 porte","4","5",1770,487,185,147,287,505,0,80,"4 cilindri in linea",4,2143,"ibrida(sovralimentato)","ibrida","posteriore",170,224,4200,750,233,7.5,"Euro5","116",5.5,3.4,4.2,"95565","http://www.quattroruote.it/listino/mercedes/classe-e-berlina/e-bluetec-hybrid-executive"
"114","mercedes","classe-s","s-250-cdi-biturbo-elegance",NA,77278,"berlina 2/4 porte","4","5",1875,510,187,148,304,560,0,83,"4 cilindri in linea",4,2143,"gasolio(sovralimentato)","gasolio","posteriore",150,204,4200,500,240,8.2,"Euro5","149",7,5,5.7,"88025","http://www.quattroruote.it/listino/mercedes/classe-s/s-250-cdi-biturbo-elegance"
"115","mercedes","classe-s","s-350-blueefficiency-elegance",NA,91568,"berlina 2/4 porte","4","5",1835,510,187,148,304,560,0,83,"6 cilindri a V (90°)",6,3498,"benzina(sovralimentato)","benzina","posteriore",225,306,6500,370,250,6.9,"Euro5","177",10.2,6,7.6,"88029","http://www.quattroruote.it/listino/mercedes/classe-s/s-350-blueefficiency-elegance"
"116","mercedes","classe-s","s-350-bluetec-grand-edition",NA,90903,"berlina 2/4 porte","4","5",1920,510,187,148,304,560,0,83,"6 cilindri a V",6,2987,"gasolio(sovralimentato)","gasolio","posteriore",190,258,3600,620,250,7.1,"Euro6","164",7.7,5.4,6.2,"91267","http://www.quattroruote.it/listino/mercedes/classe-s/s-350-bluetec-grand-edition"
"117","mercedes","classe-s","s-600-avantgarde-lunga",NA,168152,"berlina 2/4 porte","4","5",2135,523,187,148,317,560,0,90,"12 cilindri a V (90°)",12,5513,"benzina(sovralimentato)","benzina","posteriore",380,517,5000,830,250,4.6,"Euro5","329",21.5,9.7,14.1,"72629","http://www.quattroruote.it/listino/mercedes/classe-s/s-600-avantgarde-lunga"
"118","mercedes","classe-s","s-65-amg-performance-lunga",NA,244557,"berlina 2/4 porte","4","5",2200,523,187,148,317,560,0,90,"12 cilindri a V (90°)",12,5980,"benzina(sovralimentato)","benzina","posteriore",463,629,4600,1,300,4.4,"Euro5","334",21.8,9.9,14.3,"81349","http://www.quattroruote.it/listino/mercedes/classe-s/s-65-amg-performance-lunga"
"119","mercedes","cls","cls-350-blueefficiency",NA,76365,"berlina 2/4 porte","4","4",1660,494,188,142,287,520,0,59,"6 cilindri a V",6,3498,"benzina","benzina","posteriore",225,306,6500,370,250,6.1,"Euro5","159",9.1,5.4,6.8,"87328","http://www.quattroruote.it/listino/mercedes/cls/cls-350-blueefficiency"
"120","mercedes","cls","cls-500-blueefficiency",NA,91405,"berlina 2/4 porte","4","4",1815,494,188,142,287,520,0,80,"8 cilindri a V (90°)",8,4663,"benzina","benzina","posteriore",300,408,5000,600,250,5.2,"Euro5","209",12.5,6.9,9,"89134","http://www.quattroruote.it/listino/mercedes/cls/cls-500-blueefficiency"
"121","mercedes","cls","cls-63-amg",NA,124414,"berlina 2/4 porte","4","4",1795,494,188,142,287,520,0,66,"8 cilindri a V (90°)",8,5461,"benzina(sovralimentato)","benzina","posteriore",386,525,5250,700,250,4.4,"Euro5","231",13.9,7.6,9.9,"89135","http://www.quattroruote.it/listino/mercedes/cls/cls-63-amg"
"122","mercedes","cls","cls-63-amg-performance",NA,141360,"berlina 2/4 porte","4","4",1795,494,188,142,287,520,0,66,"8 cilindri a V (90°)",8,5461,"benzina(sovralimentato)","benzina","posteriore",410,557,5250,800,300,4.4,"Euro5","231",13.9,7.6,9.9,"89136","http://www.quattroruote.it/listino/mercedes/cls/cls-63-amg-performance"
"123","opel","ampera","ampera-e-rev",NA,45500,"berlina 3/5 porte","5","4",1732,450,179,144,269,310,1005,35,"4 cilindri in linea",4,1398,"ibrida","ibrida","anteriore",111,151,6000,370,161,9,"Euro5","27",0,0,1.2,"94140","http://www.quattroruote.it/listino/opel/ampera/ampera-e-rev"
"124","peugeot","107","107-10-68-cv-3p-access",4,9750,"berlina 3/5 porte","3","4",850,344,163,147,234,139,751,35,"3 cilindri in linea",3,998,"benzina","benzina","anteriore",50,68,6000,93,157,13.7,"Euro5","99",5.1,3.8,4.3,"89606","http://www.quattroruote.it/listino/peugeot/107/107-10-68-cv-3p-access"
"125","peugeot","107","107-10-68-cv-5p-access",4,10100,"berlina 3/5 porte","5","4",850,344,163,147,234,139,751,35,"3 cilindri in linea",3,998,"benzina","benzina","anteriore",50,68,6000,93,157,13.7,"Euro5","99",5.1,3.8,4.3,"89607","http://www.quattroruote.it/listino/peugeot/107/107-10-68-cv-5p-access"
"126","peugeot","206-plus","206-plus-11-60-cv-3p-energie",4,12000,"berlina 3/5 porte","3","5",930,387,167,145,244,245,1130,50,"4 cilindri in linea",4,1124,"benzina","benzina","anteriore",44,60,5500,94,159,16.1,"Euro5","133",7.8,4.6,5.8,"92147","http://www.quattroruote.it/listino/peugeot/206-plus/206-plus-11-60-cv-3p-energie"
"127","peugeot","206-plus","206-plus-14-hdi-70-cv-3p-energie",4,13700,"berlina 3/5 porte","3","5",963,387,167,145,244,245,1130,50,"4 cilindri in linea",4,1398,"gasolio(sovralimentato)","gasolio","anteriore",50,68,4000,160,169,13.8,"Euro5","104",4.9,3.5,4,"92149","http://www.quattroruote.it/listino/peugeot/206-plus/206-plus-14-hdi-70-cv-3p-energie"
"128","peugeot","206-plus","206-plus-14-hdi-70-cv-5p-energie",4,14400,"berlina 3/5 porte","5","5",976,387,167,145,244,245,1130,50,"4 cilindri in linea",4,1398,"gasolio(sovralimentato)","gasolio","anteriore",50,68,4000,160,169,13.8,"Euro5","104",4.9,3.5,4,"92150","http://www.quattroruote.it/listino/peugeot/206-plus/206-plus-14-hdi-70-cv-5p-energie"
"129","peugeot","3008","3008-hybrid4-99g",NA,35000,"fuoristrada chiusa","5","5",1660,437,184,164,261,432,1241,57,"4 cilindri in linea",4,1997,"ibrida(sovralimentato)","ibrida","integrale permanente",147,200,NA,NA,191,8.5,"Euro5","99",4.1,3.9,4,"92213","http://www.quattroruote.it/listino/peugeot/3008/3008-hybrid4-99g"
"130","peugeot","308-berlina","308-14-vti-98-cv-5p-access",5,17760,"berlina 3/5 porte","5","5",1271,428,182,150,261,348,1398,60,"4 cilindri in linea",4,1397,"benzina","benzina","anteriore",72,98,6000,136,182,14.3,"Euro5","139",8.4,5.1,6.3,"89159","http://www.quattroruote.it/listino/peugeot/308-berlina/308-14-vti-98-cv-5p-access"
"131","peugeot","308-berlina","308-16-8v-e-hdi-112-cv-s&s-5p-access",5,20860,"berlina 3/5 porte","5","5",1318,428,182,150,261,348,1398,60,"4 cilindri in linea",4,1560,"gasolio(sovralimentato)","gasolio","anteriore",82,112,3500,270,190,11.4,"Euro5","113",5,3.9,4.3,"89167","http://www.quattroruote.it/listino/peugeot/308-berlina/308-16-8v-e-hdi-112-cv-s&s-5p-access"
"132","peugeot","308-berlina","308-16-8v-hdi-93-cv-5p-access",5,19760,"berlina 3/5 porte","5","5",1303,428,182,150,261,348,1398,60,"4 cilindri in linea",4,1560,"gasolio(sovralimentato)","gasolio","anteriore",68,92,4000,230,181,12.4,"Euro5","110",5.2,3.6,4.2,"89164","http://www.quattroruote.it/listino/peugeot/308-berlina/308-16-8v-hdi-93-cv-5p-access"
"133","peugeot","308-berlina","308-16-thp-200-cv-5p-gti",5,24820,"berlina 3/5 porte","5","5",1399,428,182,149,261,348,1398,60,"4 cilindri in linea",4,1598,"benzina(sovralimentato)","benzina","anteriore",147,200,5800,275,237,7.7,"Euro5","159",9.2,5.5,6.9,"86248","http://www.quattroruote.it/listino/peugeot/308-berlina/308-16-thp-200-cv-5p-gti"
"134","peugeot","308-berlina","308-16-vti-120-cv-5p-access",5,18760,"berlina 3/5 porte","5","5",1287,428,182,150,261,348,1398,60,"4 cilindri in linea",4,1598,"benzina","benzina","anteriore",88,120,6000,160,195,10.8,"Euro5","147",9.1,4.9,6.4,"89160","http://www.quattroruote.it/listino/peugeot/308-berlina/308-16-vti-120-cv-5p-access"
"135","peugeot","308-berlina","308-20-hdi-163-cv-5p-aut-sport",5,25410,"berlina 3/5 porte","5","5",1428,428,182,150,261,348,1398,60,"4 cilindri in linea",4,1997,"gasolio(sovralimentato)","gasolio","anteriore",120,163,3750,340,202,9.6,"Euro5","164",8.3,5.2,6.3,"95804","http://www.quattroruote.it/listino/peugeot/308-berlina/308-20-hdi-163-cv-5p-aut-sport"
"136","peugeot","508-berlina","508-16-8v-hdi-115-cv-access",5,25750,"berlina 2/4 porte","4","5",1330,479,185,146,282,515,0,72,"4 cilindri in linea",4,1560,"gasolio(sovralimentato)","gasolio","anteriore",84,115,3600,270,190,11.3,"Euro5","124",5.9,4.1,4.7,"94922","http://www.quattroruote.it/listino/peugeot/508-berlina/508-16-8v-hdi-115-cv-access"
"137","peugeot","508-berlina","508-16-thp-156-cv-active",5,27650,"berlina 2/4 porte","4","5",1325,479,185,146,282,515,0,72,"4 cilindri in linea",4,1598,"benzina(sovralimentato)","benzina","anteriore",115,156,6000,240,222,8.6,"Euro5","144",9,4.7,6.2,"87834","http://www.quattroruote.it/listino/peugeot/508-berlina/508-16-thp-156-cv-active"
"138","peugeot","508-berlina","508-16-vti-120-cv-ca-robot-access",5,24100,"berlina 2/4 porte","4","5",1315,479,185,146,282,515,0,72,"4 cilindri in linea",4,1598,"benzina","benzina","anteriore",88,120,6000,160,203,11.5,"Euro5","144",9,4.6,6.2,"87832","http://www.quattroruote.it/listino/peugeot/508-berlina/508-16-vti-120-cv-ca-robot-access"
"139","peugeot","508-berlina","508-22-hdi-204-cv-aut-gt",5,38300,"berlina 2/4 porte","4","5",1465,479,185,146,282,515,0,72,"4 cilindri in linea",4,2179,"gasolio(sovralimentato)","gasolio","anteriore",150,204,3500,450,234,8.2,"Euro5","150",8,4.4,5.7,"87864","http://www.quattroruote.it/listino/peugeot/508-berlina/508-22-hdi-204-cv-aut-gt"
"140","peugeot","508-berlina","508-hybrid4-allure",5,37950,"berlina 2/4 porte","4","5",1660,479,185,146,282,355,0,72,"4 cilindri in linea",4,1997,"ibrida(sovralimentato)","ibrida","integrale permanente",147,200,NA,NA,210,8.6,"Euro5","95",3.7,3.5,3.6,"96789","http://www.quattroruote.it/listino/peugeot/508-berlina/508-hybrid4-allure"
"141","porsche","911","911-carrera-coupe",NA,92495,"coupé","2","4",1380,449,181,130,245,135,0,64,"6 cilindri contrapposti",6,3436,"benzina","benzina","posteriore",257,350,7400,390,289,4.8,"Euro5","212",12.8,6.8,9,"92974","http://www.quattroruote.it/listino/porsche/911/911-carrera-coupe"
"142","porsche","","918------310",NA,786954,"cabrio e spider","2","2",1395,464,194,117,236,0,0,0,"8 cilindri a V (90°)",8,4593,"ibrida","ibrida","integrale permanente",160,218,NA,NA,325,3,"Euro5","70",3.5,2.4,3,"96037","http://www.quattroruote.it/listino/porsche/918------310"
"143","porsche","cayenne","cayenne-s-hybrid",NA,85581,"fuoristrada chiusa","5","5",2240,485,194,171,290,580,1690,85,"6 cilindri a V",6,2995,"ibrida","ibrida","integrale permanente",279,380,5500,580,242,6.5,"Euro5","193",8.7,7.9,8.2,"85242","http://www.quattroruote.it/listino/porsche/cayenne/cayenne-s-hybrid"
"144","porsche","cayenne","cayenne-turbo",NA,125995,"fuoristrada chiusa","5","5",2170,485,194,170,290,670,1705,100,"8 cilindri a V",8,4806,"benzina(sovralimentato)","benzina","integrale permanente",368,500,6000,700,278,4.7,"Euro5","270",16.2,8.8,11.5,"85240","http://www.quattroruote.it/listino/porsche/cayenne/cayenne-turbo"
"145","rolls-royce","phantom-berlina","phantom",NA,420000,"berlina 2/4 porte","4","5",2495,583,199,163,357,460,0,100,"12 cilindri a V (60°)",12,6749,"benzina","benzina","posteriore",338,460,5350,720,240,5.9,"Euro 4","377",23.2,11.3,15.7,"58228","http://www.quattroruote.it/listino/rolls-royce/phantom-berlina/phantom"
"146","rolls-royce","phantom-berlina","phantom-ewb",NA,498000,"berlina 2/4 porte","4","5",2670,608,199,163,382,460,0,100,"12 cilindri a V (60°)",12,6749,"benzina","benzina","posteriore",338,460,5350,720,240,5.9,"Euro 4","380",23.3,11.4,15.8,"70036","http://www.quattroruote.it/listino/rolls-royce/phantom-berlina/phantom-ewb"
"147","rolls-royce","phantom-cc","phantom-drophead-coupe",NA,475000,"cabrio e spider","2","4",2620,561,199,158,332,315,0,80,"12 cilindri a V (60°)",12,6749,"benzina","benzina","posteriore",338,460,5350,720,240,5.9,"Euro 4","377",23.2,11.3,15.7,"75453","http://www.quattroruote.it/listino/rolls-royce/phantom-cc/phantom-drophead-coupe"
"148","skoda","fabia-berlina","fabia-12-6v-60-cv-5p-active",4,10160,"berlina 3/5 porte","5","5",1095,400,164,150,245,315,1180,45,"3 cilindri in linea",3,1198,"benzina","benzina","anteriore",44,60,5200,108,155,16.5,"Euro5","128",7.3,4.5,5.5,"93268","http://www.quattroruote.it/listino/skoda/fabia-berlina/fabia-12-6v-60-cv-5p-active"
"149","skoda","octavia-berlina","octavia-12-tsi-active",4,19580,"berlina 3/5 porte","5","5",1265,457,177,146,258,585,1455,55,"4 cilindri in linea",4,1197,"benzina(sovralimentato)","benzina","anteriore",77,105,5000,175,192,10.8,"Euro5","134",7.1,4.9,5.7,"93433","http://www.quattroruote.it/listino/skoda/octavia-berlina/octavia-12-tsi-active"
"150","skoda","octavia-berlina","octavia-14-tsi-ambition",4,22040,"berlina 3/5 porte","5","5",1265,457,177,146,258,585,1420,55,"4 cilindri in linea",4,1390,"benzina(sovralimentato)","benzina","anteriore",90,122,5000,200,203,9.7,"Euro5","148",8.5,5,6.3,"79874","http://www.quattroruote.it/listino/skoda/octavia-berlina/octavia-14-tsi-ambition"
"151","skoda","octavia-berlina","octavia-16-tdi-cr-active",4,21270,"berlina 3/5 porte","5","5",1365,457,177,146,258,585,1455,55,"4 cilindri in linea",4,1598,"gasolio(sovralimentato)","gasolio","anteriore",77,105,4400,250,190,11.8,"Euro5","119",5.7,3.9,4.5,"93434","http://www.quattroruote.it/listino/skoda/octavia-berlina/octavia-16-tdi-cr-active"
"152","skoda","octavia-berlina","octavia-18-tfsi-elegance",4,25040,"berlina 3/5 porte","5","5",1305,457,177,146,258,585,1455,55,"4 cilindri in linea",4,1798,"benzina(sovralimentato)","benzina","anteriore",118,160,4500,250,223,7.8,"Euro5","158",9.5,5.5,6.9,"74795","http://www.quattroruote.it/listino/skoda/octavia-berlina/octavia-18-tfsi-elegance"
"153","skoda","octavia-berlina","octavia-20-tdi-cr-rs",4,28140,"berlina 3/5 porte","5","5",1425,457,177,146,258,585,1455,55,"4 cilindri in linea",4,1968,"gasolio(sovralimentato)","gasolio","anteriore",125,170,4200,350,226,8.4,"Euro5","149",7.5,4.6,5.7,"82052","http://www.quattroruote.it/listino/skoda/octavia-berlina/octavia-20-tdi-cr-rs"
"154","skoda","octavia-berlina","octavia-20-tfsi-rs",4,27860,"berlina 3/5 porte","5","5",1395,457,177,146,258,585,1455,55,"4 cilindri in linea",4,1984,"benzina(sovralimentato)","benzina","anteriore",147,200,5100,280,240,7.3,"Euro5","175",10.2,5.9,7.5,"67140","http://www.quattroruote.it/listino/skoda/octavia-berlina/octavia-20-tfsi-rs"
"155","smart","fortwo-coupe","fortwo-1000-45-kw-mhd-coupe-pure",4,10380,"berlina 3/5 porte","3","2",750,270,156,157,187,220,340,33,"3 cilindri in linea",3,999,"benzina","benzina","posteriore",45,61,5800,89,145,16.8,"Euro5","97",4.5,3.9,4.2,"78838","http://www.quattroruote.it/listino/smart/fortwo-coupe/fortwo-1000-45-kw-mhd-coupe-pure"
"156","smart","fortwo-coupe","fortwo-1000-75-kw-coupe-brabus",4,18225,"berlina 3/5 porte","3","2",795,270,156,156,187,220,340,33,"3 cilindri in linea",3,999,"benzina(sovralimentato)","benzina","posteriore",75,102,5500,147,155,8.9,"Euro5","119",6.4,4.4,5.2,"86996","http://www.quattroruote.it/listino/smart/fortwo-coupe/fortwo-1000-75-kw-coupe-brabus"
"157","smart","fortwo-coupe","fortwo-800-40-kw-coupe-pure-cdi",4,12679,"berlina 3/5 porte","3","2",770,270,156,156,187,220,340,33,"3 cilindri in linea",3,799,"gasolio(sovralimentato)","gasolio","posteriore",40,54,3800,130,135,16.8,"Euro5","86",3.4,3.2,3.3,"84240","http://www.quattroruote.it/listino/smart/fortwo-coupe/fortwo-800-40-kw-coupe-pure-cdi"
"158","tata","aria","aria-22-16v-prestige",NA,21580,"fuoristrada chiusa","5","7",1595,478,190,178,285,500,1000,60,"4 cilindri in linea",4,2179,"gasolio(sovralimentato)","gasolio","posteriore",110,150,4000,320,160,15,"Euro5","205",9.6,6.7,7.8,"94125","http://www.quattroruote.it/listino/tata/aria/aria-22-16v-prestige"
"159","tata","vista","vista-14-safire-5p",NA,9190,"berlina 3/5 porte","5","5",1136,380,170,155,247,0,0,44,"4 cilindri in linea",4,1368,"benzina","benzina","anteriore",55,75,6000,114,170,12,"Euro5","139",8,4.7,5.9,"86377","http://www.quattroruote.it/listino/tata/vista/vista-14-safire-5p"
"160","toyota","auris","auris-13-5p",NA,17100,"berlina 3/5 porte","5","5",1270,425,176,152,260,350,1150,55,"4 cilindri in linea",4,1329,"benzina","benzina","anteriore",73,99,6000,128,175,13.1,"Euro5","135",7.1,5.1,5.8,"81351","http://www.quattroruote.it/listino/toyota/auris/auris-13-5p"
"161","toyota","auris","auris-18-hybrid-5p",NA,22500,"berlina 3/5 porte","5","5",1380,425,176,151,260,280,1050,45,"4 cilindri in linea",4,1798,"ibrida","ibrida","anteriore",100,136,NA,NA,180,11.4,"Euro5","89",3.9,3.7,3.8,"95085","http://www.quattroruote.it/listino/toyota/auris/auris-18-hybrid-5p"
"162","toyota","avensis-berlina","avensis-18-lounge",5,27600,"berlina 2/4 porte","4","5",1420,471,181,148,270,509,0,60,"4 cilindri in linea",4,1798,"benzina","benzina","anteriore",108,147,6400,180,200,9.4,"Euro5","152",8.6,5.4,6.5,"93680","http://www.quattroruote.it/listino/toyota/avensis-berlina/avensis-18-lounge"
"163","toyota","avensis-berlina","avensis-20-d-4d-lounge",5,28400,"berlina 2/4 porte","4","5",1530,471,181,148,270,509,0,60,"4 cilindri in linea",4,1998,"gasolio(sovralimentato)","gasolio","anteriore",91,124,3600,310,200,9.7,"Euro5","120",5.6,4,4.6,"93684","http://www.quattroruote.it/listino/toyota/avensis-berlina/avensis-20-d-4d-lounge"
"164","toyota","avensis-berlina","avensis-22-d-4d-lounge",5,29400,"berlina 2/4 porte","4","5",1545,471,181,148,270,509,0,60,"4 cilindri in linea",4,2231,"gasolio(sovralimentato)","gasolio","anteriore",110,150,3600,340,210,8.9,"Euro5","143",7,4.5,5.4,"93686","http://www.quattroruote.it/listino/toyota/avensis-berlina/avensis-22-d-4d-lounge"
"165","toyota","avensis-station","avensis-18-wagon-lounge",NA,28600,"station wagon","5","5",1455,478,181,148,270,543,1500,60,"4 cilindri in linea",4,1798,"benzina","benzina","anteriore",108,147,6400,180,200,9.7,"Euro5","153",8.6,5.4,6.6,"93681","http://www.quattroruote.it/listino/toyota/avensis-station/avensis-18-wagon-lounge"
"166","toyota","avensis-station","avensis-20-d-4d-wagon-lounge",NA,29400,"station wagon","5","5",1590,478,181,148,270,543,1500,60,"4 cilindri in linea",4,1998,"gasolio(sovralimentato)","gasolio","anteriore",91,124,3600,310,200,10,"Euro5","121",5.6,4,4.6,"93685","http://www.quattroruote.it/listino/toyota/avensis-station/avensis-20-d-4d-wagon-lounge"
"167","toyota","avensis-station","avensis-22-d-4d-wagon-lounge",NA,30400,"station wagon","5","5",1590,478,181,148,270,543,1500,60,"4 cilindri in linea",4,2231,"gasolio(sovralimentato)","gasolio","anteriore",110,150,3600,340,210,9.2,"Euro5","149",7.2,4.7,5.6,"93687","http://www.quattroruote.it/listino/toyota/avensis-station/avensis-22-d-4d-wagon-lounge"
"168","toyota","land-cruiser-5p","land-cruiser-30-d4-d-5p",NA,51850,"fuoristrada chiusa","5","7",2290,476,189,185,279,600,1550,87,"4 cilindri in linea",4,2982,"gasolio(sovralimentato)","gasolio","integrale permanente",140,190,3400,420,175,12.4,"Euro5","217",9.8,7.3,8.2,"84288","http://www.quattroruote.it/listino/toyota/land-cruiser-5p/land-cruiser-30-d4-d-5p"
"169","toyota","land-cruiser-v8","land-cruiser-v8-45-at-7-posti-lounge",NA,80000,"fuoristrada chiusa","5","7",2625,495,197,187,285,260,1370,93,"8 cilindri a V",8,4461,"gasolio(sovralimentato)","gasolio","integrale permanente",200,272,3600,650,210,8.9,"Euro5","250",11.2,8.5,9.5,"94363","http://www.quattroruote.it/listino/toyota/land-cruiser-v8/land-cruiser-v8-45-at-7-posti-lounge"
"170","toyota","prius-5-posti","prius-18-active",5,27500,"berlina 3/5 porte","5","5",1395,448,175,149,270,445,0,45,"4 cilindri in linea",4,1798,"ibrida","ibrida","anteriore",100,136,NA,NA,180,10.4,"Euro5","92",4,3.8,3.9,"82108","http://www.quattroruote.it/listino/toyota/prius-5-posti/prius-18-active"
"171","toyota","prius-7-posti","prius-18-active",NA,30400,"monovolume e multispazio","5","7",1530,462,178,158,278,200,1750,45,"4 cilindri in linea",4,1798,"ibrida","ibrida","anteriore",100,136,NA,NA,165,11.3,"Euro5","96",4.2,3.8,4.1,"96173","http://www.quattroruote.it/listino/toyota/prius-7-posti/prius-18-active"
"172","toyota","rav4","rav4-20-multidrives-lounge",4,31300,"fuoristrada chiusa","5","5",1615,445,182,172,256,473,1532,60,"4 cilindri in linea",4,1987,"benzina","benzina","integrale permanente",116,158,6200,198,185,11,"Euro5","177",9.6,6.5,7.6,"94798","http://www.quattroruote.it/listino/toyota/rav4/rav4-20-multidrives-lounge"
"173","toyota","rav4","rav4-22-d-4d-150-cv",4,27900,"fuoristrada chiusa","5","5",1700,445,182,172,256,473,1532,60,"4 cilindri in linea",4,2231,"gasolio(sovralimentato)","gasolio","integrale permanente",110,150,3600,340,190,10.2,"Euro5","159",7.5,5.2,6,"94802","http://www.quattroruote.it/listino/toyota/rav4/rav4-22-d-4d-150-cv"
"174","toyota","rav4","rav4-crossport-20-lounge",4,27200,"fuoristrada chiusa","5","5",1490,437,182,169,256,473,1532,60,"4 cilindri in linea",4,1987,"benzina","benzina","anteriore",116,158,6200,198,185,10.2,"Euro5","174",9.6,6.4,7.6,"94807","http://www.quattroruote.it/listino/toyota/rav4/rav4-crossport-20-lounge"
"175","toyota","yaris","yaris-10-3p",5,11000,"berlina 3/5 porte","3","5",1005,389,170,151,251,286,1365,42,"3 cilindri in linea",3,998,"benzina","benzina","anteriore",51,69,6000,93,155,15.3,"Euro5","110",5.8,4.3,4.8,"92332","http://www.quattroruote.it/listino/toyota/yaris/yaris-10-3p"
"176","toyota","yaris","yaris-10-5p",5,11650,"berlina 3/5 porte","5","5",1005,389,170,151,251,286,1365,42,"3 cilindri in linea",3,998,"benzina","benzina","anteriore",51,69,6000,93,155,15.3,"Euro5","110",5.8,4.3,4.8,"92347","http://www.quattroruote.it/listino/toyota/yaris/yaris-10-5p"
"177","toyota","yaris","yaris-13-3p-active",5,14200,"berlina 3/5 porte","3","5",1045,389,170,151,251,286,1365,42,"4 cilindri in linea",4,1329,"benzina","benzina","anteriore",73,99,6000,125,175,11.7,"Euro5","123",6.8,4.5,5.4,"92335","http://www.quattroruote.it/listino/toyota/yaris/yaris-13-3p-active"
"178","toyota","yaris","yaris-14-d-4d-3p",5,13550,"berlina 3/5 porte","3","5",1075,389,170,151,251,286,1365,42,"4 cilindri in linea",4,1364,"gasolio(sovralimentato)","gasolio","anteriore",66,90,3800,205,175,10.8,"Euro5","103",4.8,3.5,3.9,"94154","http://www.quattroruote.it/listino/toyota/yaris/yaris-14-d-4d-3p"
"179","toyota","yaris","yaris-15-hybrid-5p-lounge",5,17800,"berlina 3/5 porte","5","5",1120,391,170,151,251,286,1365,36,"4 cilindri in linea",4,1497,"ibrida","ibrida","anteriore",74,100,NA,NA,165,11.8,"Euro5","79",3.5,3,3.2,"96097","http://www.quattroruote.it/listino/toyota/yaris/yaris-15-hybrid-5p-lounge"
"180","volkswagen","golf-berlina","golf-12-tsi-3p-trendline",5,17900,"berlina 3/5 porte","3","5",1159,420,179,151,258,350,1305,55,"4 cilindri in linea",4,1197,"benzina(sovralimentato)","benzina","anteriore",77,105,5000,175,190,10.6,"Euro5","134",7.1,4.9,5.7,"83771","http://www.quattroruote.it/listino/volkswagen/golf-berlina/golf-12-tsi-3p-trendline"
"181","volkswagen","golf-berlina","golf-14-tsi-122-cv-3p-highline",5,21850,"berlina 3/5 porte","3","5",1215,420,179,151,258,350,1305,55,"4 cilindri in linea",4,1390,"benzina(sovralimentato)","benzina","anteriore",90,122,5000,200,200,9.5,"Euro5","144",8.2,5.1,6.2,"79245","http://www.quattroruote.it/listino/volkswagen/golf-berlina/golf-14-tsi-122-cv-3p-highline"
"182","volkswagen","golf-berlina","golf-16-tdi-5p-united",5,19900,"berlina 3/5 porte","5","5",1239,420,179,151,258,350,1305,55,"4 cilindri in linea",4,1598,"gasolio(sovralimentato)","gasolio","anteriore",77,105,4400,250,189,11.3,"Euro5","119",5.7,3.9,4.6,"93896","http://www.quattroruote.it/listino/volkswagen/golf-berlina/golf-16-tdi-5p-united"
"183","volkswagen","golf-berlina","golf-16-tdi-dpf-dsg-3p-highline",5,25800,"berlina 3/5 porte","3","5",1337,420,179,151,258,350,1305,55,"4 cilindri in linea",4,1598,"gasolio(sovralimentato)","gasolio","anteriore",77,105,4400,250,189,11.2,"Euro5","123",6.1,4.1,4.8,"82136","http://www.quattroruote.it/listino/volkswagen/golf-berlina/golf-16-tdi-dpf-dsg-3p-highline"
"184","volkswagen","golf-berlina","golf-20-tdi-170-cv-3p-gtd",5,29700,"berlina 3/5 porte","3","5",1329,421,179,150,258,350,1305,55,"4 cilindri in linea",4,1968,"gasolio(sovralimentato)","gasolio","anteriore",125,170,4200,350,222,8.1,"Euro5","139",7,4.3,5.3,"81858","http://www.quattroruote.it/listino/volkswagen/golf-berlina/golf-20-tdi-170-cv-3p-gtd"
"185","volkswagen","golf-berlina","golf-20-tsi-3p-gti",5,28600,"berlina 3/5 porte","3","5",1318,421,179,150,258,350,1305,55,"4 cilindri in linea",4,1984,"benzina(sovralimentato)","benzina","anteriore",155,210,5300,280,240,6.9,"Euro5","170",10,5.8,7.3,"81263","http://www.quattroruote.it/listino/volkswagen/golf-berlina/golf-20-tsi-3p-gti"
"186","volkswagen","passat-berlina","passat-14-tsi-trendline-bluem-tech",5,25650,"berlina 2/4 porte","4","5",1451,477,182,147,271,485,0,70,"4 cilindri in linea",4,1390,"benzina(sovralimentato)","benzina","anteriore",90,122,5000,200,205,10.3,"Euro5","138",7.8,4.9,5.9,"87446","http://www.quattroruote.it/listino/volkswagen/passat-berlina/passat-14-tsi-trendline-bluem-tech"
"187","volkswagen","passat-berlina","passat-20-tdi-comfortline-bluemtech",5,29600,"berlina 2/4 porte","4","5",1532,477,182,147,271,485,0,70,"4 cilindri in linea",4,1968,"gasolio(sovralimentato)","gasolio","anteriore",103,140,4200,320,213,9.8,"Euro5","119",5.6,4,4.6,"87454","http://www.quattroruote.it/listino/volkswagen/passat-berlina/passat-20-tdi-comfortline-bluemtech"
"188","volkswagen","touareg","touareg-30-v6-tdi-245-cv-tip-bmt",NA,51650,"fuoristrada chiusa","5","5",2153,480,194,171,289,580,1642,85,"6 cilindri a V (90°)",6,2967,"gasolio(sovralimentato)","gasolio","integrale permanente",180,245,3800,550,220,7.6,"Euro5","189",8.4,6.5,7.2,"90044","http://www.quattroruote.it/listino/volkswagen/touareg/touareg-30-v6-tdi-245-cv-tip-bmt"
"189","volkswagen","touareg","touareg-30-v6-tsi-tiptronic-hybrid",NA,75800,"fuoristrada chiusa","5","5",2240,480,194,171,289,580,1642,85,"6 cilindri a V (90°)",6,2995,"ibrida(sovralimentato)","ibrida","integrale permanente",279,380,NA,580,240,6.5,"Euro5","193",8.7,7.9,8.2,"85166","http://www.quattroruote.it/listino/volkswagen/touareg/touareg-30-v6-tsi-tiptronic-hybrid"
